velocity,mass,energy_level,energy_level_string
6.5233,1.5484,0,low
9.2112,12.7141,1,high
1.7315,45.62,0,low
6.2063,48.5087,1,high
1.0663,12.331,0,low
1.8544,34.9404,0,low
2.4011,43.3215,0,low
4.8057,31.9761,1,high
1.4241,22.8422,0,low
8.5853,24.9397,1,high
4.0979,36.0238,1,high
5.2739,13.5627,0,low
7.2907,40.031,1,high
8.1585,25.4626,1,high
4.8558,40.9961,1,high
7.9337,15.3857,1,high
3.9478,32.9639,0,low
7.3153,15.6754,1,high
4.1888,27.2326,0,low
6.8198,15.9921,1,high
0.2076,22.9576,0,low
1.0324,40.6546,0,low
0.0716,47.8776,0,low
3.0953,0.1997,0,low
0.2661,49.1969,0,low
3.7039,49.481,1,high
6.3311,4.6004,0,low
1.6447,23.101,0,low
3.2096,43.8773,0,low
3.9966,18.7496,0,low
6.7162,11.9344,0,low
9.4156,18.6273,1,high
9.7277,27.1226,1,high
5.0004,36.9048,1,high
2.8373,43.8759,0,low
6.8758,26.9791,1,high
1.7211,3.9532,0,low
0.9689,37.4773,0,low
4.8665,35.0486,1,high
1.0526,41.8287,0,low
6.7385,33.1319,1,high
4.3317,47.5103,1,high
7.6033,36.1843,1,high
1.6824,0.5769,0,low
5.8581,32.9496,1,high
1.1584,10.7953,0,low
7.1674,11.5983,1,high
0.5352,7.9253,0,low
2.4052,46.5414,0,low
4.7666,6.6076,0,low
2.7668,36.8534,0,low
1.6164,17.7849,0,low
0.2523,24.2406,0,low
5.9138,42.6773,1,high
0.3512,12.1671,0,low
5.6949,40.4707,1,high
0.1042,45.0979,0,low
6.1629,31.6513,1,high
6.2379,36.5723,1,high
6.6653,6.9334,0,low
2.755,32.2131,0,low
6.0468,23.4258,1,high
3.5501,7.1629,0,low
4.2929,24.8214,0,low
0.1579,26.9908,0,low
3.2065,42.0206,0,low
7.867,45.0564,1,high
4.3612,37.8525,1,high
3.7131,27.5111,0,low
2.2629,32.1817,0,low
2.4426,17.5337,0,low
6.1426,6.3323,0,low
9.7546,38.104,1,high
3.8286,18.7573,0,low
5.3745,38.409,1,high
9.3489,13.6058,1,high
7.8282,21.5783,1,high
8.5402,29.7284,1,high
9.3817,34.161,1,high
2.449,2.8561,0,low
4.4941,41.1719,1,high
3.9032,38.5747,1,high
9.7948,30.4931,1,high
3.0579,11.9654,0,low
4.6782,44.8855,1,high
5.9201,46.8843,1,high
3.566,31.6452,0,low
7.8479,34.5516,1,high
9.8348,39.1806,1,high
1.0885,33.4147,0,low
1.2124,24.7242,0,low
4.8042,30.3478,1,high
7.8438,45.2022,1,high
9.1245,23.1149,1,high
4.4868,18.8563,0,low
1.3352,9.5786,0,low
2.4409,25.1325,0,low
7.8673,43.04,1,high
8.4881,15.9713,1,high
2.4513,34.5383,0,low
6.9506,17.6648,1,high
0.4176,19.6015,0,low
5.9212,17.4961,1,high
4.6173,25.9228,0,low
2.58,26.0702,0,low
6.6497,5.7208,0,low
6.512,43.88,1,high
6.9175,39.562,1,high
7.2537,44.4243,1,high
3.423,8.5864,0,low
5.4972,35.5764,1,high
3.2475,23.7454,0,low
4.3477,28.0318,0,low
4.8826,40.276,1,high
2.9498,24.8635,0,low
4.4664,36.3259,1,high
8.1892,38.4058,1,high
8.8944,15.2409,1,high
6.3497,41.393,1,high
7.9214,41.1292,1,high
1.6479,30.1357,0,low
8.2378,21.9386,1,high
1.8325,44.9853,0,low
7.7771,5.5952,0,low
8.4018,43.7569,1,high
8.8793,37.0769,1,high
0.9205,13.4231,0,low
9.3036,30.0953,1,high
5.3466,23.8578,1,high
4.2318,19.5119,0,low
9.1988,48.0838,1,high
1.7242,49.4424,0,low
0.4396,1.5366,0,low
2.6782,46.3286,0,low
7.6506,38.7896,1,high
2.4926,17.1222,0,low
1.302,29.8536,0,low
1.9638,7.9614,0,low
3.6532,2.4072,0,low
8.4445,36.4698,1,high
0.8884,43.9971,0,low
8.6857,1.67,0,low
0.839,21.2397,0,low
0.1747,33.803,0,low
8.6724,47.8194,1,high
9.5009,25.3413,1,high
3.9941,44.4466,1,high
3.0796,31.493,0,low
8.348,0.9542,0,low
3.2677,7.0083,0,low
0.4414,49.5908,0,low
8.0187,30.0157,1,high
6.0519,13.5121,0,low
9.6186,37.2653,1,high
4.4241,20.2904,0,low
9.1556,45.7197,1,high
5.0371,38.8041,1,high
8.6005,47.512,1,high
0.0431,1.8428,0,low
5.1179,25.0832,1,high
6.2174,14.0443,0,low
1.0149,30.231,0,low
2.9689,40.9477,0,low
9.62,26.0393,1,high
9.8646,24.4328,1,high
0.2935,39.9584,0,low
7.1487,19.5688,1,high
6.5617,0.1744,0,low
7.6567,4.0484,0,low
5.7815,33.4313,1,high
2.4417,42.0533,0,low
1.8846,10.5657,0,low
8.7966,5.4076,0,low
8.3762,21.2375,1,high
6.0021,46.2081,1,high
0.8871,48.0827,0,low
1.8153,39.8441,0,low
6.2745,44.5191,1,high
1.8124,6.9901,0,low
3.3513,15.5489,0,low
2.9669,4.9666,0,low
7.1997,25.4261,1,high
2.7999,44.9361,0,low
4.9162,0.7364,0,low
9.6851,13.4989,1,high
7.1675,24.6369,1,high
1.0995,16.6831,0,low
9.6898,9.2767,1,high
3.511,11.3538,0,low
5.7331,33.1138,1,high
6.4249,3.0798,0,low
7.3225,35.4504,1,high
5.2469,36.4154,1,high
1.7608,17.2363,0,low
1.7511,20.7032,0,low
3.6823,14.9959,0,low
9.1177,33.426,1,high
9.2222,25.8112,1,high
5.6611,31.3597,1,high
7.4672,11.2992,1,high
2.9587,48.6174,0,low
8.3364,8.6929,1,high
2.5861,49.8946,0,low
3.3111,39.8445,0,low
2.8454,47.0124,0,low
3.5731,17.3243,0,low
6.2022,3.6054,0,low
2.7283,48.5596,0,low
4.8415,31.2441,1,high
7.6967,13.8678,1,high
8.4823,48.5555,1,high
1.0566,35.2019,0,low
3.1469,27.9873,0,low
0.4322,38.5929,0,low
3.5526,23.7044,0,low
1.726,34.1188,0,low
6.8822,39.666,1,high
7.2277,49.3098,1,high
5.2018,32.4394,1,high
0.561,3.6759,0,low
6.7371,3.5242,0,low
1.5479,36.1362,0,low
8.3704,11.1405,1,high
8.3164,17.3942,1,high
9.8053,41.676,1,high
5.6977,35.1878,1,high
5.6498,48.5604,1,high
2.6889,17.3199,0,low
4.2103,15.132,0,low
9.5131,38.3053,1,high
7.0896,41.9036,1,high
0.6129,48.6278,0,low
1.0637,9.9639,0,low
8.9074,48.0063,1,high
7.285,35.07,1,high
8.1989,7.4578,0,low
4.5161,28.0605,0,low
7.7967,38.4358,1,high
6.9186,18.261,1,high
1.3774,35.7954,0,low
9.9753,40.8324,1,high
6.2818,46.5402,1,high
6.801,35.8037,1,high
6.5475,19.4793,1,high
7.4675,46.3182,1,high
5.7675,34.0524,1,high
3.7818,46.6141,1,high
9.6491,45.5292,1,high
6.1878,2.9981,0,low
1.9474,18.8645,0,low
7.8429,35.5813,1,high
4.4256,2.4499,0,low
3.8781,23.3446,0,low
3.7587,2.1051,0,low
5.1783,7.986,0,low
1.0752,32.0159,0,low
7.386,28.5663,1,high
7.5701,18.7107,1,high
8.2351,37.9394,1,high
0.3181,21.1184,0,low
5.2185,26.1821,1,high
7.9278,18.4995,1,high
8.5701,41.5082,1,high
7.0885,43.1015,1,high
2.8847,12.2684,0,low
5.1946,13.7502,0,low
8.1669,6.0383,0,low
3.0659,24.0054,0,low
5.3404,33.7033,1,high
8.3219,6.3679,0,low
5.5407,39.6531,1,high
6.6273,7.8977,0,low
3.5198,14.3096,0,low
5.0158,39.6855,1,high
0.2056,7.4781,0,low
1.9473,26.057,0,low
2.6929,34.883,0,low
9.3379,37.0501,1,high
2.8251,29.6327,0,low
9.9326,11.342,1,high
3.4115,3.8663,0,low
9.4769,32.523,1,high
1.416,46.7075,0,low
1.2627,4.0657,0,low
4.5848,37.9941,1,high
4.7537,32.7617,1,high
0.077,20.4534,0,low
1.9471,10.274,0,low
7.2308,35.9541,1,high
2.0996,19.0745,0,low
2.7081,5.9646,0,low
2.2206,49.5531,0,low
5.3337,42.6815,1,high
4.2296,8.6696,0,low
1.8236,0.6769,0,low
2.2708,27.2537,0,low
7.3639,7.7722,0,low
3.3935,42.2465,0,low
5.7136,34.2785,1,high
1.4168,43.9708,0,low
5.4725,48.5127,1,high
9.061,39.153,1,high
8.0846,6.1769,0,low
1.2773,12.248,0,low
4.7756,21.5301,0,low
2.1643,41.0956,0,low
3.4274,25.1484,0,low
0.4876,11.262,0,low
7.0084,7.5078,0,low
2.8426,20.5614,0,low
9.038,33.4299,1,high
2.677,45.8526,0,low
1.5525,25.6226,0,low
2.1112,42.1829,0,low
1.3731,9.2793,0,low
5.274,44.0954,1,high
3.9407,33.7849,0,low
4.3155,5.3524,0,low
3.7502,28.4575,0,low
0.3705,8.3624,0,low
8.7727,15.1481,1,high
2.0887,16.5249,0,low
6.8894,0.8965,0,low
8.6541,45.4554,1,high
6.2608,0.0771,0,low
7.2863,36.1864,1,high
8.8517,21.9838,1,high
3.7691,27.8314,0,low
7.2492,0.9211,0,low
9.8567,7.5665,1,high
6.6555,25.8721,1,high
2.5942,38.4091,0,low
5.4773,40.9388,1,high
6.5275,31.5501,1,high
8.5132,5.247,0,low
5.1678,23.8876,1,high
6.173,31.8949,1,high
4.9749,35.8113,1,high
1.5999,34.3048,0,low
2.7419,43.6863,0,low
8.2274,22.4365,1,high
8.4752,34.8052,1,high
3.3651,46.2527,0,low
0.9325,29.77,0,low
5.5296,16.2019,0,low
0.8925,20.4454,0,low
9.3659,21.2368,1,high
3.31,43.4001,0,low
5.3696,22.8039,1,high
5.7943,36.4223,1,high
7.4865,6.2227,0,low
7.2172,2.399,0,low
6.0152,42.8145,1,high
5.3932,48.6539,1,high
4.3553,46.0162,1,high
7.709,19.0557,1,high
2.4321,48.4062,0,low
6.2967,13.9802,0,low
1.6178,9.2502,0,low
9.0066,22.3275,1,high
8.7464,38.7578,1,high
9.5016,24.2905,1,high
0.8882,14.2014,0,low
8.7689,29.0963,1,high
2.9419,21.3795,0,low
7.7883,37.5171,1,high
0.0033,48.3456,0,low
4.5898,6.1814,0,low
0.0303,32.4772,0,low
7.6231,14.3723,1,high
9.3183,39.9532,1,high
8.2706,48.253,1,high
3.5384,23.3203,0,low
7.4022,8.6073,0,low
8.658,49.7479,1,high
7.439,2.2007,0,low
0.7954,4.3859,0,low
4.7711,47.8691,1,high
6.6506,2.7003,0,low
8.5025,43.8203,1,high
1.3652,17.8932,0,low
8.067,11.7369,1,high
6.7972,20.156,1,high
1.0652,20.8675,0,low
2.8729,31.018,0,low
2.0838,49.3735,0,low
4.316,34.4877,1,high
0.921,21.1985,0,low
4.9868,31.0745,1,high
8.8736,9.7466,1,high
8.8191,47.6979,1,high
8.5074,26.927,1,high
7.4243,47.6933,1,high
2.2587,9.8057,0,low
3.5658,13.1268,0,low
3.192,7.1093,0,low
2.4836,10.0126,0,low
5.9846,45.3823,1,high
2.6656,14.5671,0,low
7.6091,28.8363,1,high
3.7439,26.9125,0,low
4.5963,18.939,0,low
7.8839,10.4329,1,high
5.0545,47.7318,1,high
8.1467,19.0561,1,high
2.6663,15.6941,0,low
0.29,48.9508,0,low
7.9246,41.0323,1,high
2.314,42.4508,0,low
1.0796,31.7618,0,low
3.3041,25.1804,0,low
0.657,26.3939,0,low
8.0651,18.0728,1,high
6.3042,42.0072,1,high
1.1848,9.1825,0,low
9.7384,16.4699,1,high
0.6319,39.7436,0,low
8.5852,12.4175,1,high
5.2227,21.1003,1,high
3.6066,29.8154,0,low
3.1289,3.7026,0,low
9.2737,2.7195,0,low
4.4989,49.5294,1,high
9.7085,29.6423,1,high
4.1482,24.6318,0,low
6.1053,13.1303,0,low
7.7578,48.5462,1,high
6.7699,33.4627,1,high
6.3559,9.493,0,low
9.7794,33.1559,1,high
5.1747,4.7547,0,low
7.5462,47.7749,1,high
6.464,42.1321,1,high
8.7809,20.4909,1,high
5.3053,9.1379,0,low
3.8418,48.1732,1,high
0.8262,44.4411,0,low
7.3652,31.913,1,high
5.949,41.4802,1,high
3.9963,28.0205,0,low
3.107,13.572,0,low
9.0774,19.2478,1,high
4.2432,38.8266,1,high
3.5213,43.4567,0,low
3.5666,10.9386,0,low
6.1341,16.8903,1,high
1.2835,5.3679,0,low
0.8403,26.8448,0,low
2.0176,0.7766,0,low
5.4296,15.5253,0,low
1.3534,11.2917,0,low
1.602,43.7195,0,low
1.9761,8.6313,0,low
1.516,3.1379,0,low
1.8684,38.085,0,low
4.2843,22.6839,0,low
6.5559,13.658,0,low
1.682,22.5374,0,low
6.4746,39.7487,1,high
0.5445,17.4678,0,low
1.8199,3.5867,0,low
5.1508,13.749,0,low
8.2146,12.6037,1,high
1.9809,34.742,0,low
0.3857,26.5904,0,low
5.2831,25.8883,1,high
7.9245,40.6309,1,high
9.4748,14.1942,1,high
7.1476,28.4982,1,high
6.0448,8.8481,0,low
6.4335,26.9508,1,high
8.2227,49.4044,1,high
8.1939,40.8556,1,high
1.3787,30.6619,0,low
6.0186,15.5838,1,high
2.0436,32.5696,0,low
4.6569,22.6398,0,low
0.6818,21.2149,0,low
1.0547,36.4026,0,low
6.8324,19.8282,1,high
9.8443,3.057,0,low
1.2155,18.5611,0,low
5.1147,24.11,1,high
1.0928,24.3109,0,low
8.359,29.0737,1,high
3.4438,23.1723,0,low
1.7587,9.0671,0,low
4.6529,43.7339,1,high
3.8014,16.6132,0,low
1.4781,38.2937,0,low
7.0833,39.6391,1,high
2.0826,30.218,0,low
2.423,9.0563,0,low
3.9856,6.9554,0,low
2.5025,10.2212,0,low
8.0594,16.9139,1,high
7.0977,41.9646,1,high
1.6722,42.291,0,low
8.3848,24.6557,1,high
2.6754,27.9662,0,low
3.9328,24.61,0,low
3.7644,20.1436,0,low
4.9151,35.4731,1,high
3.8461,49.8179,1,high
5.8241,36.4276,1,high
2.1268,6.0644,0,low
1.3441,30.2061,0,low
2.9546,47.7145,0,low
7.2085,45.0731,1,high
2.7122,4.81,0,low
5.1543,9.5439,0,low
4.1665,20.7096,0,low
0.3276,24.64,0,low
9.0392,24.4113,1,high
4.741,4.0279,0,low
8.2056,24.4105,1,high
5.2298,33.0716,1,high
6.7921,19.9927,1,high
0.3229,48.8756,0,low
1.4002,41.3963,0,low
2.056,38.7815,0,low
4.578,23.9908,0,low
6.075,16.6115,1,high
3.0489,48.9812,0,low
8.9989,3.1592,0,low
2.0744,23.9542,0,low
6.9245,9.1799,0,low
6.8781,14.0873,1,high
2.3305,34.6424,0,low
6.1967,4.603,0,low
1.1171,27.8544,0,low
3.63,37.7471,0,low
9.3108,27.1702,1,high
5.0565,42.7432,1,high
4.3844,12.8649,0,low
6.8217,8.9974,0,low
0.03,11.7607,0,low
7.1995,26.3538,1,high
1.5898,31.3882,0,low
3.3037,11.8808,0,low
9.6428,12.1438,1,high
7.631,0.8269,0,low
3.9966,36.7246,1,high
6.9697,37.0835,1,high
2.3234,25.8176,0,low
1.5619,23.8503,0,low
7.7882,32.692,1,high
7.7305,10.5919,1,high
1.6027,10.4549,0,low
8.4661,18.7383,1,high
9.0388,0.7532,0,low
3.4117,5.3775,0,low
7.7916,19.4002,1,high
1.9908,38.6044,0,low
6.4589,47.4932,1,high
2.4192,22.9565,0,low
3.6846,47.4822,1,high
9.4938,21.5236,1,high
7.0124,35.8011,1,high
6.8079,21.0828,1,high
8.3227,36.0229,1,high
4.0192,8.5791,0,low
0.0565,5.1837,0,low
8.3168,2.9069,0,low
6.7786,18.33,1,high
1.7975,35.4306,0,low
7.6362,4.2165,0,low
8.6529,48.5592,1,high
4.9425,22.4486,0,low
6.5072,16.7092,1,high
9.0969,42.0128,1,high
9.7027,39.7647,1,high
4.2791,48.5864,1,high
7.0111,3.3674,0,low
6.3214,21.5672,1,high
9.5413,5.1175,0,low
5.1508,44.7332,1,high
7.8518,46.0248,1,high
0.8338,8.6351,0,low
0.1142,38.0471,0,low
7.3558,6.9185,0,low
9.1615,49.0787,1,high
9.1744,49.645,1,high
5.9907,40.6676,1,high
3.8376,23.267,0,low
6.9437,8.0421,0,low
9.655,46.8117,1,high
1.8546,33.566,0,low
4.9612,6.9198,0,low
3.5453,23.8151,0,low
7.4414,15.101,1,high
8.0382,8.7921,1,high
7.2674,19.3234,1,high
7.8157,23.4376,1,high
4.6145,38.8546,1,high
4.9593,22.6805,0,low
6.0297,22.7612,1,high
6.0761,10.1207,0,low
0.4776,36.903,0,low
0.4932,25.5026,0,low
3.5715,47.2124,1,high
8.3194,30.1561,1,high
6.9622,22.0017,1,high
4.7639,8.5357,0,low
3.7813,23.623,0,low
1.1683,37.1357,0,low
4.4455,26.5699,0,low
5.3903,41.141,1,high
4.7246,0.2296,0,low
1.6761,1.6119,0,low
3.6673,18.5573,0,low
6.5621,35.148,1,high
4.2121,21.6691,0,low
1.9148,7.5125,0,low
9.1511,5.9206,0,low
6.3861,39.9778,1,high
2.032,7.9403,0,low
6.6418,0.6439,0,low
9.9953,10.728,1,high
5.7917,44.5846,1,high
0.8829,48.0259,0,low
5.9423,11.1096,0,low
9.0454,0.529,0,low
2.5957,47.8329,0,low
6.8232,19.6566,1,high
2.9433,4.5331,0,low
2.048,32.5903,0,low
4.804,2.8278,0,low
6.953,45.7918,1,high
9.317,16.1388,1,high
6.0959,29.6629,1,high
6.6811,27.0262,1,high
7.2401,21.5044,1,high
7.6499,29.6162,1,high
6.7361,38.8166,1,high
6.602,12.227,0,low
4.8216,11.3321,0,low
6.4767,1.7954,0,low
3.363,5.2664,0,low
1.99,12.7544,0,low
2.3978,20.9266,0,low
5.5568,25.1662,1,high
6.8438,14.3356,1,high
2.0092,29.7969,0,low
9.5065,11.9271,1,high
8.2693,16.5585,1,high
4.8765,4.1929,0,low
5.3115,4.302,0,low
9.0626,31.2814,1,high
0.4692,0.4976,0,low
1.6784,9.4455,0,low
8.7947,33.7496,1,high
8.1951,42.6144,1,high
0.7491,48.6069,0,low
3.5485,46.4277,1,high
4.3689,39.5065,1,high
1.2559,47.8275,0,low
8.4019,17.3432,1,high
9.3673,26.9353,1,high
7.8085,42.1945,1,high
0.4471,15.3745,0,low
4.1983,43.1131,1,high
4.8882,33.1285,1,high
4.0416,1.5679,0,low
5.1975,20.204,0,low
1.1042,35.79,0,low
1.3013,34.0079,0,low
9.4373,21.1847,1,high
9.9758,5.5493,0,low
5.5352,3.724,0,low
4.313,3.5802,0,low
6.2604,36.124,1,high
3.7517,25.2538,0,low
9.6142,21.9652,1,high
8.3477,6.6429,0,low
1.7815,32.678,0,low
9.0337,2.3193,0,low
9.0235,9.542,1,high
3.9197,33.2647,0,low
0.2222,42.6869,0,low
0.802,41.539,0,low
6.9799,1.948,0,low
5.8561,20.8273,1,high
4.0688,39.3899,1,high
7.514,2.1281,0,low
8.8032,21.2087,1,high
7.5923,47.7876,1,high
3.3254,31.3435,0,low
0.4507,16.3185,0,low
2.6919,35.6394,0,low
9.7498,8.1731,1,high
5.403,43.993,1,high
4.8907,47.0849,1,high
1.2875,9.3742,0,low
9.5823,14.6959,1,high
0.0743,19.2007,0,low
5.3821,22.8863,1,high
5.862,13.5336,0,low
7.9385,38.9254,1,high
5.8743,13.8553,0,low
9.1731,43.4755,1,high
3.2257,39.4216,0,low
7.2604,4.6391,0,low
9.0532,11.5431,1,high
4.2329,19.6897,0,low
7.9091,25.3301,1,high
1.1337,30.3983,0,low
5.2559,26.9178,1,high
9.9985,21.8419,1,high
0.6265,14.436,0,low
5.0837,6.1089,0,low
1.2717,11.8202,0,low
2.6021,2.687,0,low
4.248,15.179,0,low
7.12,44.525,1,high
3.6489,0.9208,0,low
4.9889,21.0117,0,low
2.8498,46.7844,0,low
0.1467,48.3148,0,low
5.0844,44.7619,1,high
7.2108,37.62,1,high
9.1075,48.4119,1,high
9.4042,33.7283,1,high
1.9551,33.8966,0,low
1.1929,43.8025,0,low
1.8947,34.3419,0,low
2.2448,40.7108,0,low
7.6147,33.6052,1,high
8.423,38.264,1,high
6.2266,24.3087,1,high
8.6516,17.9345,1,high
9.9504,47.7613,1,high
0.1063,15.5005,0,low
1.6536,33.0029,0,low
5.4688,22.8156,1,high
2.2007,39.0437,0,low
8.1058,13.447,1,high
8.1379,15.249,1,high
3.5685,28.3297,0,low
1.8131,20.214,0,low
3.5957,26.4739,0,low
4.5099,20.2386,0,low
9.3468,1.4722,0,low
1.603,31.5679,0,low
3.2108,33.2949,0,low
8.9309,45.9264,1,high
9.171,26.3625,1,high
4.1989,15.6619,0,low
7.5342,49.7316,1,high
2.8482,32.0372,0,low
9.9738,16.4541,1,high
6.7936,18.5879,1,high
0.38,24.281,0,low
9.4137,0.8118,0,low
7.0957,21.4509,1,high
4.0969,19.527,0,low
0.6056,26.6273,0,low
1.2386,34.0562,0,low
9.7347,0.0824,0,low
5.7593,10.1082,0,low
0.3501,48.9588,0,low
2.6247,14.6571,0,low
4.1903,43.2949,1,high
0.0684,32.6548,0,low
6.7306,2.7577,0,low
5.6265,49.9479,1,high
8.0132,32.5393,1,high
3.649,9.1001,0,low
9.2914,5.499,0,low
7.1924,3.9067,0,low
7.3484,14.7784,1,high
9.6257,14.89,1,high
7.2423,8.4535,0,low
9.3678,3.6835,0,low
6.4905,23.3285,1,high
1.6126,39.8885,0,low
1.7059,8.7483,0,low
1.8181,29.907,0,low
8.1031,34.8947,1,high
5.0519,44.8872,1,high
9.8499,39.1372,1,high
0.4012,30.8787,0,low
7.1975,1.3692,0,low
2.3772,31.4663,0,low
0.4052,8.275,0,low
1.9552,44.5364,0,low
7.6914,49.1865,1,high
2.0986,40.2095,0,low
9.3903,47.162,1,high
4.0906,40.9287,1,high
6.8971,30.4767,1,high
3.2602,0.5735,0,low
6.907,40.7859,1,high
6.9047,19.2114,1,high
2.731,26.4355,0,low
3.991,27.806,0,low
7.0973,45.1084,1,high
5.0675,28.3985,1,high
2.4825,3.6356,0,low
3.141,14.1432,0,low
0.4227,13.2429,0,low
2.9672,7.9772,0,low
7.7947,31.2797,1,high
6.3504,44.443,1,high
4.2124,9.4641,0,low
6.4597,27.4536,1,high
6.7241,45.4819,1,high
7.789,4.1563,0,low
5.2951,16.8266,0,low
8.2589,37.4047,1,high
1.6174,2.2433,0,low
1.9962,7.8384,0,low
7.6189,43.9309,1,high
0.7802,44.7408,0,low
9.3578,49.7321,1,high
8.0437,10.7084,1,high
3.4472,39.6318,0,low
5.8107,32.7534,1,high
4.6527,25.8457,0,low
9.6592,12.3299,1,high
2.9649,44.7196,0,low
1.7667,24.89,0,low
5.5135,43.4051,1,high
5.8704,43.6358,1,high
4.8104,9.2747,0,low
3.9419,6.3143,0,low
9.3166,10.4464,1,high
0.7713,48.3961,0,low
8.2165,9.9784,1,high
6.2418,48.9443,1,high
5.9763,48.9324,1,high
6.1588,12.4488,0,low
7.2171,45.0617,1,high
4.6488,44.3675,1,high
2.7168,36.6977,0,low
0.7771,6.8962,0,low
2.2924,46.7145,0,low
4.1476,47.5116,1,high
8.3204,41.7792,1,high
5.0422,21.2528,0,low
4.9725,28.4256,1,high
5.634,16.2325,0,low
3.3151,22.309,0,low
5.7938,15.8389,0,low
6.3038,41.8825,1,high
4.7761,39.943,1,high
1.0037,49.1152,0,low
3.4422,44.1431,0,low
6.387,47.1986,1,high
6.4917,47.7593,1,high
4.4953,47.2424,1,high
5.8563,12.6014,0,low
8.8964,43.196,1,high
0.7224,8.5532,0,low
0.7289,12.2382,0,low
0.3826,20.9805,0,low
8.8445,33.6716,1,high
2.9184,37.0108,0,low
0.0535,44.472,0,low
7.7187,46.1815,1,high
0.3427,6.0509,0,low
9.8439,14.9466,1,high
5.6857,3.4071,0,low
6.1702,38.1278,1,high
2.5956,29.2886,0,low
8.9898,1.6222,0,low
0.3541,5.7437,0,low
3.8526,42.7425,1,high
8.2217,21.375,1,high
2.2718,24.3069,0,low
0.3184,48.4251,0,low
7.2128,35.3859,1,high
4.7793,3.7817,0,low
7.1688,15.1583,1,high
9.4736,13.2893,1,high
2.4106,36.2894,0,low
0.0747,34.4527,0,low
9.8969,44.7587,1,high
6.5861,7.7676,0,low
0.4512,19.5466,0,low
3.3123,14.0009,0,low
6.5,27.8056,1,high
4.1162,4.1783,0,low
1.1806,29.3308,0,low
8.6448,38.1545,1,high
1.5728,26.2614,0,low
2.0342,40.1707,0,low
3.9999,41.1106,1,high
7.8555,30.9273,1,high
2.9851,17.2549,0,low
1.0177,45.4981,0,low
7.9247,18.1141,1,high
0.7799,38.4364,0,low
4.6516,33.447,1,high
7.8657,41.7423,1,high
9.9281,48.1402,1,high
7.7447,46.9703,1,high
6.5971,9.2697,0,low
4.8153,8.6585,0,low
6.3494,43.6593,1,high
1.9647,27.5537,0,low
6.2278,30.4149,1,high
4.3566,23.2651,0,low
3.6813,0.9594,0,low
0.6289,42.9895,0,low
7.3132,33.7457,1,high
0.2455,18.2373,0,low
4.8608,13.3909,0,low
5.6981,8.0429,0,low
2.9031,4.2745,0,low
3.0061,15.4919,0,low
3.7381,16.1191,0,low
9.1104,29.4332,1,high
7.2229,28.9597,1,high
3.5013,25.762,0,low
6.6807,14.4207,1,high
5.6726,46.2601,1,high
7.6059,36.7653,1,high
3.9236,36.041,0,low
1.5328,47.7108,0,low
1.2839,19.8312,0,low
2.8542,35.8546,0,low
2.6217,15.6473,0,low
4.2591,38.909,1,high
0.3946,20.0024,0,low
4.421,0.7095,0,low
1.0125,3.0752,0,low
6.3078,46.4403,1,high
9.4407,47.5352,1,high
1.819,1.9518,0,low
4.7557,45.9718,1,high
3.0194,23.7593,0,low
3.5641,4.7047,0,low
8.1986,2.1165,0,low
3.4807,34.1136,0,low
2.1877,29.6007,0,low
0.063,27.5222,0,low
4.8998,14.5683,0,low
2.4698,32.2338,0,low
0.7725,11.4868,0,low
2.1002,5.4376,0,low
3.8697,46.8574,1,high
1.321,13.2901,0,low
0.7849,11.7915,0,low
5.0568,7.9666,0,low
3.4681,38.0543,0,low
2.202,42.9688,0,low
3.116,21.3691,0,low
5.28,23.3231,1,high
1.3338,49.1507,0,low
9.7825,32.5389,1,high
6.4168,31.6483,1,high
5.1213,30.006,1,high
3.4888,3.4878,0,low
8.4993,16.5253,1,high
3.1415,4.005,0,low
4.995,27.0564,1,high
6.1748,6.701,0,low
0.3748,36.4264,0,low
6.0957,21.535,1,high
3.9536,32.1258,0,low
5.3987,37.82,1,high
7.327,10.4084,0,low
6.1967,6.6486,0,low
2.3542,41.0859,0,low
3.6082,7.7127,0,low
3.5132,22.4752,0,low
4.9338,13.4578,0,low
3.5401,49.4827,1,high
6.97,26.3831,1,high
9.6039,34.4517,1,high
8.3099,49.4395,1,high
7.3095,4.9996,0,low
7.4266,29.0016,1,high
8.3637,9.3109,1,high
8.012,47.2116,1,high
6.3364,9.5633,0,low
8.1829,24.2585,1,high
5.4365,8.7796,0,low
8.8358,32.4706,1,high
4.2664,45.4243,1,high
0.0568,36.9455,0,low
2.7159,0.666,0,low
5.7593,30.4432,1,high
4.5063,7.6337,0,low
7.3609,1.2004,0,low
9.8185,48.7964,1,high
0.999,33.1241,0,low
5.0824,16.6905,0,low
1.7355,27.3922,0,low
0.6385,9.156,0,low
9.8786,9.4165,1,high
6.0623,38.3356,1,high
6.669,20.4115,1,high
2.1383,31.8037,0,low
1.736,18.0138,0,low
0.1653,37.9283,0,low
5.2887,0.158,0,low
8.638,12.6749,1,high
8.2418,29.0273,1,high
4.2695,32.6747,1,high
6.7104,46.2963,1,high
0.77,25.1445,0,low
4.3441,24.3982,0,low
5.4756,43.726,1,high
1.4533,20.5661,0,low
3.7323,7.4978,0,low
0.557,23.0447,0,low
4.0352,17.7092,0,low
6.7527,8.5077,0,low
8.1985,3.8835,0,low
6.0218,41.8946,1,high
0.7744,29.3656,0,low
7.8876,30.8159,1,high
4.1553,42.7469,1,high
6.8519,12.8751,1,high
5.8139,1.3172,0,low
9.2049,27.7197,1,high
0.4994,3.0602,0,low
9.0204,14.4976,1,high
2.0914,20.2946,0,low
8.6607,43.0247,1,high
2.0085,44.6135,0,low
1.3066,48.2317,0,low
2.7552,31.5654,0,low
0.5293,34.7996,0,low
0.6909,36.2726,0,low
5.9285,4.8419,0,low
8.4288,46.4517,1,high
9.2724,34.0615,1,high
4.6045,30.4345,1,high
4.9321,11.3603,0,low
5.5638,5.1262,0,low
5.9717,8.0253,0,low
5.6615,4.7532,0,low
0.9942,27.6267,0,low
8.083,39.4886,1,high
6.691,12.809,0,low
3.4852,7.0945,0,low
9.1545,16.534,1,high
6.9237,13.6087,1,high
9.2404,17.5754,1,high
7.829,43.8707,1,high
7.9665,47.3759,1,high
5.4848,31.6349,1,high
3.8433,47.9572,1,high
4.226,3.3626,0,low
0.695,49.8994,0,low
0.2065,17.9206,0,low
0.9396,22.2159,0,low
7.0551,1.748,0,low
4.7352,11.748,0,low
8.9207,27.3625,1,high
1.6708,10.7897,0,low
4.5067,12.3351,0,low
2.0276,48.2172,0,low
7.3812,41.1346,1,high
2.1062,19.4203,0,low
1.3197,34.6609,0,low
8.5995,20.4265,1,high
8.4383,40.8618,1,high
7.327,30.2764,1,high
4.8538,48.2734,1,high
0.1346,25.4535,0,low
3.9112,30.7696,0,low
8.5257,49.2357,1,high
4.4318,15.4967,0,low
8.269,31.2669,1,high
7.6258,8.2849,0,low
9.7885,16.6003,1,high
1.5167,48.8329,0,low
7.8247,16.8911,1,high
5.9581,25.1424,1,high
5.0521,39.4348,1,high
1.4445,43.9314,0,low
1.7834,43.7898,0,low
3.3376,9.9671,0,low
1.4748,3.7629,0,low
9.1864,2.5441,0,low
4.4794,33.1854,1,high
7.3567,25.6872,1,high
7.8135,40.3624,1,high
2.6997,1.5055,0,low
6.1983,2.0871,0,low
8.8677,28.2344,1,high
9.0032,27.8121,1,high
3.4232,6.1069,0,low
7.3946,37.8216,1,high
7.3261,9.0407,0,low
6.8964,29.8899,1,high
5.0244,44.691,1,high
0.1283,31.1105,0,low
2.7492,49.3042,0,low
6.026,18.416,1,high
6.7965,29.0748,1,high
2.1565,37.6475,0,low
2.6474,42.2602,0,low
7.8963,37.2505,1,high
9.696,6.3667,1,high
0.1309,28.639,0,low
1.1278,36.778,0,low
3.4998,34.8851,0,low
9.4125,28.5959,1,high
1.9717,25.7185,0,low
1.5254,5.0536,0,low
8.3117,27.9656,1,high
1.1683,26.8507,0,low
1.1011,30.363,0,low
8.3909,37.4552,1,high
5.4944,8.4538,0,low
6.0892,8.3961,0,low
9.9652,28.7102,1,high
6.7819,33.2603,1,high
9.0006,9.2604,1,high
3.7406,45.0674,1,high
2.611,10.9445,0,low
3.4568,5.8397,0,low
0.354,20.3725,0,low
0.1275,8.88,0,low
0.1483,23.6788,0,low
9.3398,17.6452,1,high
5.2443,36.2959,1,high
1.5426,21.276,0,low
1.8225,43.2268,0,low
7.6631,19.9621,1,high
3.0367,10.202,0,low
0.1895,34.9162,0,low
1.7622,43.704,0,low
0.2699,44.0233,0,low
1.2573,37.7085,0,low
5.2559,45.3674,1,high
6.8483,46.8055,1,high
1.8192,46.2508,0,low
4.9005,27.0501,1,high
4.4742,8.0833,0,low
4.0463,44.2881,1,high
0.7457,38.1253,0,low
9.6093,32.6284,1,high
9.4834,2.8146,0,low
6.4423,1.6006,0,low
2.9431,48.1441,0,low
9.8852,19.4244,1,high
2.1153,29.4241,0,low
7.9187,10.5479,1,high
0.9809,3.4095,0,low
9.1166,41.2044,1,high
2.2217,42.7538,0,low
2.6677,36.3707,0,low
1.531,18.4473,0,low
4.9939,10.0944,0,low
1.9846,3.0768,0,low
0.1062,17.76,0,low
6.8757,17.6001,1,high
0.7662,38.4104,0,low
6.502,31.2953,1,high
1.2836,17.4479,0,low
1.0243,48.4585,0,low
3.4669,14.3603,0,low
0.9187,10.8437,0,low
4.9059,22.6068,0,low
5.9726,34.1493,1,high
4.4225,41.4829,1,high
9.6726,9.1861,1,high
8.65,40.4036,1,high
0.3617,45.4574,0,low
0.3728,22.3348,0,low
3.5844,10.9326,0,low
1.8984,14.0383,0,low
1.8048,10.2115,0,low
5.8629,3.4577,0,low
4.9323,37.381,1,high
0.4774,34.5768,0,low
8.0427,26.2414,1,high
9.8159,36.283,1,high
5.1651,47.0661,1,high
0.6702,0.9203,0,low
9.2778,46.9953,1,high
8.0895,48.6976,1,high
7.9546,27.7394,1,high
8.2851,25.541,1,high
2.8843,8.8773,0,low
3.2254,39.426,0,low
8.5066,4.2126,0,low
6.0056,10.8456,0,low
3.9304,44.234,1,high
2.6826,25.5348,0,low
4.687,26.9542,1,high
4.9505,18.8419,0,low
3.6882,38.6115,0,low
4.8524,39.9069,1,high
2.3052,9.215,0,low
8.646,18.5465,1,high
1.6664,15.4313,0,low
5.23,12.7813,0,low
7.7982,19.6853,1,high
7.1394,22.2338,1,high
3.2898,6.9533,0,low
4.1153,18.2462,0,low
1.33,0.3652,0,low
7.3579,13.0006,1,high
5.5761,2.5867,0,low
3.9449,0.2278,0,low
2.4796,5.8469,0,low
6.5698,44.1476,1,high
8.7301,23.7892,1,high
9.8815,27.2041,1,high
3.1164,37.7187,0,low
3.9873,4.6283,0,low
2.9519,16.4587,0,low
6.1546,8.3761,0,low
1.4994,40.7441,0,low
6.9394,37.9221,1,high
2.4701,31.9575,0,low
8.4626,26.4482,1,high
1.2947,46.6594,0,low
4.0392,10.3578,0,low
8.3441,33.1638,1,high
5.3835,2.0344,0,low
7.9345,39.0159,1,high
1.0775,29.0749,0,low
7.4647,16.436,1,high
7.5818,41.3173,1,high
8.3609,18.2588,1,high
0.3027,38.2166,0,low
9.134,34.9713,1,high
3.8006,40.2877,1,high
5.7329,36.2227,1,high
0.8905,21.4611,0,low
1.5933,15.8988,0,low
2.658,9.8116,0,low
2.5257,22.7457,0,low
7.5457,18.4336,1,high
3.3273,25.6339,0,low
8.0782,24.8753,1,high
8.3372,42.6505,1,high
3.9287,43.207,1,high
3.0241,26.6748,0,low
6.223,32.7267,1,high
1.6431,0.3971,0,low
7.4016,18.355,1,high
3.3465,26.7185,0,low
6.0585,46.7289,1,high
0.242,5.6449,0,low
7.4241,3.2273,0,low
2.9105,14.2089,0,low
9.6589,15.0491,1,high
2.5692,41.3225,0,low
8.3827,5.1352,0,low
8.2386,24.9321,1,high
1.9083,36.0624,0,low
7.7657,31.2309,1,high
8.1293,46.8743,1,high
6.3428,18.9461,1,high
0.5902,13.4105,0,low
5.4807,13.7856,0,low
4.7713,30.2849,1,high
6.2757,22.1135,1,high
4.3582,12.4231,0,low
9.0817,28.7454,1,high
6.6006,0.2417,0,low
3.8785,8.1014,0,low
0.2984,40.6993,0,low
7.5416,25.9347,1,high
8.9261,0.5197,0,low
4.0617,34.132,0,low
8.7115,2.6968,0,low
4.2685,42.2532,1,high
5.7585,28.8085,1,high
4.2394,44.071,1,high
1.2802,36.0431,0,low
1.2393,24.1798,0,low
5.4376,1.2718,0,low
6.2202,30.9065,1,high
4.3291,24.5521,0,low
9.3611,6.3157,1,high
2.6328,13.2716,0,low
3.865,2.9488,0,low
0.7176,18.5357,0,low
0.8051,9.3074,0,low
8.185,44.5783,1,high
5.4063,35.439,1,high
6.9544,37.3161,1,high
3.2429,46.0981,0,low
7.6083,1.1963,0,low
6.563,11.6185,0,low
0.1559,36.4487,0,low
5.0645,34.5976,1,high
9.7562,2.92,0,low
8.7135,3.9878,0,low
2.5498,20.6899,0,low
4.0489,5.0963,0,low
6.8622,13.818,1,high
3.3338,25.4459,0,low
4.2701,14.7433,0,low
1.7273,7.9968,0,low
3.4091,29.0737,0,low
2.8628,6.2487,0,low
2.1672,45.6259,0,low
3.6418,22.8565,0,low
8.9259,42.9788,1,high
0.3353,47.0258,0,low
7.3568,21.0491,1,high
1.1778,11.0955,0,low
8.615,40.3006,1,high
8.5667,35.5538,1,high
1.454,26.7319,0,low
5.0039,30.9197,1,high
9.9609,42.1015,1,high
5.7586,24.1915,1,high
7.9505,6.7452,0,low
0.3881,13.6241,0,low
9.6056,38.7949,1,high
2.9639,23.077,0,low
3.6827,36.2785,0,low
2.4137,1.913,0,low
6.6207,4.1764,0,low
0.7455,31.2208,0,low
0.3792,13.2018,0,low
6.1989,19.8814,1,high
4.0058,6.1604,0,low
9.244,17.9969,1,high
5.7716,31.0392,1,high
5.1595,35.1113,1,high
9.4854,25.8302,1,high
4.4629,29.828,1,high
1.3452,20.0596,0,low
3.6903,18.0786,0,low
9.2978,23.3257,1,high
9.5865,36.5101,1,high
4.9774,13.3159,0,low
2.7973,4.6199,0,low
5.0379,19.455,0,low
9.1982,40.9885,1,high
1.4821,13.625,0,low
5.3236,10.1303,0,low
7.8261,26.6657,1,high
5.772,41.7676,1,high
9.405,16.2247,1,high
3.1358,15.2461,0,low
9.743,27.2348,1,high
8.2764,25.5461,1,high
2.9418,0.3006,0,low
7.3448,15.6846,1,high
9.914,41.033,1,high
5.2268,2.6054,0,low
5.0613,37.3585,1,high
2.5958,13.2549,0,low
6.7374,33.4549,1,high
1.1048,37.3361,0,low
9.5817,16.5173,1,high
0.6815,0.4308,0,low
9.4358,19.4279,1,high
5.9412,26.6303,1,high
7.9707,40.4196,1,high
4.4464,21.7968,0,low
7.3724,47.495,1,high
7.6107,41.0747,1,high
4.9458,7.3362,0,low
9.2041,22.8718,1,high
5.7671,46.4869,1,high
4.9982,44.0007,1,high
9.1487,10.078,1,high
1.8542,2.2824,0,low
1.1825,47.2864,0,low
8.296,48.709,1,high
0.1557,46.1265,0,low
3.0289,13.4429,0,low
3.1034,22.1518,0,low
2.6242,5.679,0,low
8.5856,32.2585,1,high
5.8523,17.4771,1,high
8.6746,39.2994,1,high
3.2937,28.8661,0,low
0.2492,33.0396,0,low
8.5558,38.0463,1,high
1.4191,13.7207,0,low
6.4597,44.3133,1,high
2.5382,38.6345,0,low
9.4449,6.1486,0,low
2.0425,42.0703,0,low
7.7427,24.8599,1,high
7.9821,18.9338,1,high
8.8414,20.4917,1,high
8.263,9.7602,1,high
4.7182,48.5182,1,high
4.713,6.7699,0,low
4.9692,1.3733,0,low
6.1082,38.0372,1,high
4.3262,49.8649,1,high
4.958,38.7068,1,high
8.0272,0.8751,0,low
1.9201,22.4191,0,low
2.0911,4.7702,0,low
4.7102,8.6543,0,low
2.0568,9.9919,0,low
6.7985,23.2546,1,high
0.188,14.7522,0,low
4.1256,36.7646,1,high
1.6849,29.6392,0,low
6.0977,8.6854,0,low
5.3162,32.6646,1,high
0.7057,40.128,0,low
7.5391,0.7579,0,low
2.6572,47.8453,0,low
5.5009,37.3903,1,high
9.1239,14.3866,1,high
9.7247,18.8714,1,high
1.0781,5.4551,0,low
3.2033,31.5096,0,low
7.9203,21.9345,1,high
3.6921,39.0503,0,low
9.3761,31.2861,1,high
2.5868,41.3556,0,low
8.8781,29.2368,1,high
0.4226,7.2016,0,low
8.9915,22.6519,1,high
3.1344,3.9932,0,low
3.4965,3.0587,0,low
3.9143,15.7055,0,low
4.62,38.0478,1,high
0.713,30.5285,0,low
5.9878,6.3505,0,low
7.0804,15.3327,1,high
2.8726,13.8909,0,low
5.2652,39.2961,1,high
1.7997,16.8724,0,low
0.913,27.1197,0,low
6.7451,5.7397,0,low
0.5895,23.2467,0,low
0.2959,19.6049,0,low
6.7766,32.8491,1,high
8.0896,45.2851,1,high
0.5554,38.0377,0,low
6.8097,46.7348,1,high
4.9833,31.125,1,high
2.8552,33.2629,0,low
0.8769,43.4953,0,low
0.337,24.0218,0,low
7.4835,49.053,1,high
7.4687,14.5364,1,high
7.7825,4.3628,0,low
7.8117,3.3142,0,low
0.6009,36.2179,0,low
6.3505,21.9299,1,high
3.1153,35.1376,0,low
4.853,14.887,0,low
5.6907,13.8565,0,low
1.211,7.5613,0,low
5.6895,7.9899,0,low
2.9162,2.0307,0,low
3.9527,28.3887,0,low
2.715,3.4548,0,low
9.3456,43.5194,1,high
0.8649,22.2573,0,low
3.3704,12.8242,0,low
8.2328,32.3236,1,high
6.9125,30.6371,1,high
4.7604,8.4677,0,low
7.1744,5.3642,0,low
1.0939,37.4173,0,low
4.4248,6.9327,0,low
4.988,43.4566,1,high
7.0595,42.4166,1,high
2.662,17.4746,0,low
8.1584,19.318,1,high
5.2552,12.5236,0,low
6.8,24.1125,1,high
4.1413,32.3196,0,low
4.1811,41.1525,1,high
9.7521,35.4805,1,high
1.4536,41.7454,0,low
7.4602,9.8323,0,low
8.2647,25.0292,1,high
9.5442,20.1776,1,high
3.1911,27.9149,0,low
2.0147,26.1597,0,low
4.8162,0.9809,0,low
4.905,13.3168,0,low
6.1443,47.5473,1,high
6.4587,2.0524,0,low
0.9044,23.1406,0,low
0.11,24.5253,0,low
0.1543,33.9974,0,low
0.3736,48.1683,0,low
9.7961,40.0335,1,high
5.7531,20.8624,1,high
5.9083,36.8209,1,high
5.749,33.9097,1,high
2.9653,13.5322,0,low
0.659,37.1785,0,low
3.3046,46.1596,0,low
5.1261,10.5071,0,low
5.7051,8.5087,0,low
5.8776,5.7484,0,low
5.8053,33.6132,1,high
4.3642,30.2481,1,high
1.4941,29.0741,0,low
1.2576,9.5105,0,low
6.7401,10.6597,0,low
3.5773,40.934,0,low
4.7964,26.2644,1,high
6.9141,6.7918,0,low
5.7287,10.7522,0,low
1.4298,7.5722,0,low
7.1307,15.3855,1,high
7.5894,5.7977,0,low
3.409,16.772,0,low
8.0288,17.9951,1,high
3.9684,40.0163,1,high
2.4131,7.7764,0,low
3.1058,14.1132,0,low
9.8149,26.8236,1,high
2.5192,40.8515,0,low
8.1887,20.1812,1,high
9.9725,3.9829,0,low
0.4133,14.6902,0,low
9.3725,0.7422,0,low
8.3857,29.9938,1,high
8.4749,27.8283,1,high
3.3775,12.0609,0,low
8.9387,35.5463,1,high
9.3363,32.1475,1,high
4.5449,13.5407,0,low
9.2604,10.1127,1,high
5.4697,25.3727,1,high
4.8016,2.5147,0,low
7.9868,25.5261,1,high
0.7392,36.6855,0,low
3.2274,37.5496,0,low
8.5258,10.3988,1,high
3.8869,28.0241,0,low
2.5094,3.613,0,low
0.8521,32.4711,0,low
0.0425,32.4441,0,low
7.3856,7.085,0,low
8.562,42.0727,1,high
1.0986,49.1905,0,low
8.053,37.7045,1,high
4.4556,0.7876,0,low
6.7441,40.6725,1,high
9.6992,0.0387,0,low
8.9601,44.4102,1,high
1.721,42.4124,0,low
7.7053,41.1853,1,high
8.7561,11.5886,1,high
2.516,44.3361,0,low
1.3126,17.4113,0,low
1.0158,29.3056,0,low
0.6125,33.4241,0,low
0.0131,33.3462,0,low
7.0226,31.8333,1,high
2.1917,49.4739,0,low
8.714,41.4528,1,high
0.412,27.342,0,low
5.1946,31.606,1,high
5.8275,7.9194,0,low
1.4045,16.9534,0,low
8.2855,27.8885,1,high
5.0835,20.5579,0,low
0.0936,41.7683,0,low
9.9601,11.4743,1,high
5.8655,36.3758,1,high
7.5787,44.2404,1,high
1.5311,39.5353,0,low
9.579,8.2187,1,high
6.1189,8.8396,0,low
7.5855,22.7989,1,high
5.3159,5.8187,0,low
7.3217,37.2513,1,high
1.7223,21.949,0,low
3.8119,18.3544,0,low
4.6096,3.466,0,low
0.9297,40.3007,0,low
0.7344,46.5074,0,low
0.0475,25.4938,0,low
3.5605,29.838,0,low
4.0814,13.8895,0,low
3.9153,6.3442,0,low
1.9094,10.4478,0,low
9.9525,33.6846,1,high
8.5556,33.6058,1,high
5.0634,10.0776,0,low
8.7517,18.9923,1,high
7.6095,23.2807,1,high
5.093,22.6322,1,high
4.0818,19.2911,0,low
5.4529,35.5814,1,high
9.4459,34.7263,1,high
1.945,11.154,0,low
9.1286,47.2668,1,high
9.1924,7.9131,1,high
6.1597,36.5397,1,high
7.4054,10.4881,0,low
9.1627,31.9389,1,high
8.4996,13.499,1,high
9.6474,43.777,1,high
4.0356,29.5498,0,low
5.9628,36.8434,1,high
2.9144,23.8298,0,low
8.296,1.4372,0,low
7.9772,46.0898,1,high
5.9387,20.4386,1,high
0.9807,5.4631,0,low
5.2447,29.8159,1,high
6.193,10.4874,0,low
3.7795,6.1467,0,low
8.2135,30.6376,1,high
3.5049,30.3599,0,low
4.2588,26.7685,0,low
9.4093,27.6324,1,high
0.0056,23.154,0,low
0.5962,7.6076,0,low
9.4797,16.5298,1,high
3.3887,14.8067,0,low
8.6973,46.7881,1,high
1.0068,9.3089,0,low
2.5197,23.2168,0,low
5.7057,3.3996,0,low
3.5898,1.1049,0,low
8.3563,16.8142,1,high
7.1604,40.1457,1,high
9.0587,48.2948,1,high
0.664,15.1922,0,low
5.5326,32.6715,1,high
6.5215,0.8036,0,low
7.1928,48.1496,1,high
8.1717,46.4894,1,high
7.6187,17.3662,1,high
0.4959,41.5938,0,low
9.0251,16.3744,1,high
7.9238,22.6106,1,high
5.3767,18.7865,0,low
4.943,0.0021,0,low
9.9747,12.1831,1,high
2.2538,47.8513,0,low
7.4586,4.237,0,low
2.8421,11.8802,0,low
2.5735,42.3753,0,low
6.2838,9.6036,0,low
7.2125,29.9153,1,high
8.4325,46.2523,1,high
8.1948,44.3598,1,high
1.0172,10.7142,0,low
0.4182,41.6602,0,low
3.4573,9.9587,0,low
0.7281,23.433,0,low
7.9155,43.199,1,high
7.71,27.7087,1,high
8.2938,20.3677,1,high
2.9583,27.7048,0,low
3.9487,19.407,0,low
6.6041,34.3082,1,high
0.7355,34.1621,0,low
4.4938,26.6543,0,low
3.5488,0.6653,0,low
0.4176,14.5441,0,low
4.776,27.3284,1,high
3.0902,4.952,0,low
6.0378,39.7054,1,high
1.5503,6.4782,0,low
0.3929,8.7714,0,low
9.0005,48.0157,1,high
0.8928,29.9656,0,low
1.8638,33.1209,0,low
7.536,42.8883,1,high
7.9336,12.8986,1,high
4.4877,22.5657,0,low
3.2409,47.1517,0,low
2.0579,21.4568,0,low
2.2013,31.392,0,low
6.2405,20.4414,1,high
4.4716,35.26,1,high
8.0643,42.9486,1,high
3.8809,7.0986,0,low
9.8088,14.9163,1,high
0.232,13.74,0,low
9.0305,43.5484,1,high
9.0769,49.8274,1,high
7.011,21.5499,1,high
5.9271,4.2594,0,low
1.8796,17.7871,0,low
4.888,25.3416,1,high
2.3815,7.6234,0,low
8.9696,46.7456,1,high
1.8827,25.4914,0,low
5.6339,0.9171,0,low
3.2128,31.5982,0,low
5.558,25.7796,1,high
8.2098,49.3501,1,high
8.7571,3.6257,0,low
0.5702,13.5973,0,low
3.2263,27.8406,0,low
5.2774,41.4961,1,high
5.2222,41.3066,1,high
0.7861,13.0835,0,low
5.5127,21.8949,1,high
1.9237,18.9566,0,low
6.7717,24.9229,1,high
9.0068,32.6288,1,high
1.0666,13.8909,0,low
9.9267,13.3827,1,high
2.9815,40.8168,0,low
7.2403,33.8809,1,high
8.5824,20.1535,1,high
9.9797,30.077,1,high
8.5602,29.1423,1,high
1.321,43.4357,0,low
9.3222,13.5658,1,high
7.5406,38.4051,1,high
2.3491,9.4075,0,low
8.8748,20.8757,1,high
3.1255,41.6666,0,low
7.3996,5.8095,0,low
9.5866,20.0522,1,high
8.7483,25.7898,1,high
8.1153,4.7729,0,low
2.9449,4.5457,0,low
2.1196,18.3014,0,low
9.7494,40.307,1,high
5.3608,47.636,1,high
3.6154,15.2806,0,low
5.1389,40.1449,1,high
5.6468,28.0195,1,high
7.8471,40.6511,1,high
3.1836,28.6183,0,low
0.8843,5.913,0,low
5.3574,4.0658,0,low
6.7703,1.4153,0,low
0.4826,30.4421,0,low
3.1353,33.9813,0,low
1.8893,11.2683,0,low
3.2534,22.2775,0,low
8.3554,44.7292,1,high
1.8102,25.0256,0,low
1.6104,47.7673,0,low
0.355,30.4675,0,low
2.4099,27.3155,0,low
9.273,36.8126,1,high
0.7602,30.4485,0,low
4.2538,21.9547,0,low
3.0987,2.2932,0,low
8.2666,11.4306,1,high
0.02,31.1624,0,low
3.4331,13.5318,0,low
5.1226,37.4268,1,high
7.5728,37.4845,1,high
1.7618,19.7194,0,low
7.297,26.7014,1,high
0.8772,23.3752,0,low
9.0778,4.4273,0,low
5.6125,31.4065,1,high
1.307,48.435,0,low
4.8663,6.111,0,low
4.7362,34.6716,1,high
5.2285,21.4166,1,high
2.4556,18.7022,0,low
2.3182,7.5641,0,low
1.5628,25.3333,0,low
8.6456,5.9546,0,low
9.6924,33.6565,1,high
4.3149,38.5018,1,high
2.9896,31.1909,0,low
4.7437,16.7263,0,low
2.9483,16.7882,0,low
4.9787,24.3773,1,high
6.8244,40.4469,1,high
0.4497,35.6967,0,low
5.3024,16.2555,0,low
9.1477,27.12,1,high
8.583,24.7566,1,high
2.6087,13.9199,0,low
0.5002,41.067,0,low
2.8227,24.7336,0,low
9.1354,9.9753,1,high
4.0472,36.6645,1,high
6.6777,19.0131,1,high
3.9966,22.7805,0,low
2.0017,24.8518,0,low
2.2384,9.4434,0,low
7.7069,28.2256,1,high
2.7515,8.7825,0,low
4.9479,41.2166,1,high
0.8582,8.7638,0,low
9.9333,24.7644,1,high
8.1499,44.2369,1,high
5.6382,27.4389,1,high
6.8447,20.782,1,high
1.6011,4.7188,0,low
8.2392,13.8903,1,high
4.9754,31.1567,1,high
0.0929,45.0883,0,low
7.0235,3.4092,0,low
7.9996,42.2632,1,high
3.0103,14.9168,0,low
5.8075,10.165,0,low
1.2526,38.8239,0,low
5.5391,7.1427,0,low
9.0321,19.7946,1,high
7.993,46.316,1,high
4.7183,6.9801,0,low
5.9798,19.503,1,high
7.0409,9.2961,0,low
4.7755,32.92,1,high
9.6409,0.0502,0,low
4.7315,29.8165,1,high
9.6246,29.6881,1,high
3.0823,19.2337,0,low
6.9739,8.2426,0,low
4.728,35.4667,1,high
9.1179,34.1804,1,high
9.7582,19.2672,1,high
6.4613,38.3142,1,high
7.1771,4.7735,0,low
2.7388,45.8315,0,low
2.925,29.3231,0,low
2.631,15.2818,0,low
9.0101,41.6616,1,high
1.7066,19.263,0,low
2.9499,10.7167,0,low
4.2946,33.6105,1,high
1.1045,39.5659,0,low
8.9589,40.8102,1,high
9.3738,24.091,1,high
9.192,9.1521,1,high
4.3818,14.9757,0,low
0.7645,30.6012,0,low
7.6542,42.55,1,high
1.7274,22.5992,0,low
5.4388,41.9132,1,high
5.3503,16.3854,0,low
3.3773,29.3196,0,low
5.0241,16.5923,0,low
1.451,48.9583,0,low
7.0642,36.5222,1,high
5.0914,33.5664,1,high
8.7281,20.4046,1,high
5.2413,30.3615,1,high
6.6471,31.2126,1,high
8.3117,28.6938,1,high
3.5969,49.9571,1,high
7.8555,10.71,1,high
5.3734,13.2231,0,low
9.8054,37.1391,1,high
5.8885,20.4396,1,high
8.1882,45.4558,1,high
4.2056,11.1547,0,low
7.7167,23.3773,1,high
1.9623,39.4277,0,low
1.7098,44.3237,0,low
7.4242,41.0695,1,high
6.002,9.836,0,low
1.2304,28.1891,0,low
2.1414,37.8786,0,low
0.3294,10.8922,0,low
8.2295,1.4043,0,low
6.0044,35.3444,1,high
1.5387,9.8172,0,low
3.6221,2.7007,0,low
1.3,2.2388,0,low
1.7195,9.7496,0,low
1.5768,29.3534,0,low
4.7475,9.9313,0,low
4.0504,36.8027,1,high
5.7122,32.9238,1,high
5.0407,14.3635,0,low
5.2468,43.1624,1,high
2.8157,49.4944,0,low
7.9854,15.0199,1,high
4.8848,24.3214,1,high
8.4776,31.1575,1,high
2.4158,34.8001,0,low
7.8429,10.1822,1,high
9.6982,19.2953,1,high
7.1471,45.7148,1,high
6.5711,34.0586,1,high
2.348,0.3493,0,low
0.6848,40.7498,0,low
5.2828,23.4972,1,high
8.768,43.0748,1,high
7.0171,6.4512,0,low
8.9697,49.4179,1,high
3.0961,4.2088,0,low
3.8124,16.5362,0,low
4.1981,39.0787,1,high
7.2004,1.4946,0,low
6.8552,34.2558,1,high
0.0529,23.3238,0,low
6.4166,3.9398,0,low
1.465,7.0986,0,low
2.9085,18.4177,0,low
1.7664,48.479,0,low
1.2528,17.6625,0,low
3.1589,36.722,0,low
9.1776,2.3967,0,low
4.7435,0.1526,0,low
5.1858,48.1702,1,high
0.4365,15.5933,0,low
1.6936,8.9752,0,low
1.9523,34.0974,0,low
4.9962,24.6896,1,high
6.6998,41.3268,1,high
2.0568,24.0788,0,low
0.0771,44.1667,0,low
4.9899,3.6017,0,low
4.1898,38.4157,1,high
3.0094,21.4621,0,low
5.8884,8.5897,0,low
0.1564,33.5968,0,low
6.2066,21.1308,1,high
2.499,10.1066,0,low
0.5795,21.9112,0,low
4.2782,48.3969,1,high
5.6978,24.9652,1,high
4.7351,46.1136,1,high
2.7305,27.888,0,low
3.5963,21.7091,0,low
5.6299,23.9749,1,high
1.6463,15.8033,0,low
9.4814,49.4156,1,high
6.4936,29.3843,1,high
3.3314,36.346,0,low
3.5368,29.3787,0,low
7.1062,47.8511,1,high
1.2464,14.537,0,low
9.0967,45.4947,1,high
8.138,38.1315,1,high
2.3793,34.9308,0,low
6.7624,47.7705,1,high
9.6223,38.5922,1,high
4.3013,49.7505,1,high
2.2566,34.5998,0,low
4.9803,20.182,0,low
8.0977,5.4574,0,low
4.4676,21.1278,0,low
0.9286,18.8454,0,low
8.3893,37.8398,1,high
0.3917,7.3142,0,low
5.0199,12.3083,0,low
2.2715,1.5135,0,low
8.6681,10.109,1,high
8.6356,16.0699,1,high
1.437,9.7626,0,low
9.2654,49.368,1,high
7.8037,44.8046,1,high
7.1003,13.361,1,high
0.4957,33.3286,0,low
2.645,30.6864,0,low
3.6029,38.9253,0,low
5.6785,22.9851,1,high
9.8867,9.8656,1,high
3.6079,14.4356,0,low
4.11,7.9866,0,low
1.8186,38.2046,0,low
9.9614,41.9589,1,high
8.8094,6.571,0,low
5.6825,6.4015,0,low
4.5392,15.2292,0,low
2.7825,19.8907,0,low
4.9112,34.1459,1,high
5.0454,48.9924,1,high
0.7794,40.0596,0,low
5.5124,36.337,1,high
6.0519,20.2508,1,high
7.978,38.9433,1,high
0.702,22.8379,0,low
1.1226,0.6495,0,low
1.3779,41.6377,0,low
9.0751,17.5723,1,high
7.9012,19.0719,1,high
4.6539,7.6371,0,low
0.5732,36.992,0,low
3.5775,17.231,0,low
9.9002,42.3892,1,high
0.6605,7.7053,0,low
8.0407,3.5859,0,low
8.0909,19.5864,1,high
2.4047,12.2777,0,low
3.8044,23.443,0,low
4.6793,8.1738,0,low
9.0594,32.373,1,high
4.9815,49.0747,1,high
7.4752,48.1771,1,high
5.9698,43.309,1,high
0.5666,46.6987,0,low
5.0265,32.2287,1,high
5.3636,42.4023,1,high
3.1294,14.2662,0,low
4.7111,13.3294,0,low
4.919,5.0324,0,low
0.7684,35.7933,0,low
4.674,43.9526,1,high
6.7623,7.3402,0,low
4.6306,34.8093,1,high
7.8112,45.9945,1,high
6.4142,36.3067,1,high
3.5407,36.4455,0,low
5.9992,2.8232,0,low
4.615,20.8622,0,low
7.1605,12.2231,1,high
3.9852,42.5225,1,high
5.1664,0.9948,0,low
6.624,11.4731,0,low
3.1066,33.7694,0,low
5.3071,46.4162,1,high
5.2973,7.9623,0,low
5.4566,3.7895,0,low
6.6643,32.9835,1,high
6.6887,6.3374,0,low
6.0827,23.4948,1,high
8.9363,17.6248,1,high
1.4246,36.0354,0,low
7.487,19.5177,1,high
4.9546,29.1531,1,high
9.8186,49.3223,1,high
2.8385,1.6068,0,low
0.9014,0.5844,0,low
6.174,44.6809,1,high
9.9033,2.9965,0,low
5.7951,37.8186,1,high
7.2611,36.2877,1,high
8.8892,35.5659,1,high
3.8312,38.333,0,low
9.563,42.9765,1,high
5.5485,38.1593,1,high
2.2237,6.5123,0,low
3.515,29.8199,0,low
8.3146,16.3641,1,high
1.2667,38.7981,0,low
2.3663,4.7335,0,low
4.4093,21.9488,0,low
9.0762,48.4216,1,high
2.083,26.5452,0,low
7.3023,41.0751,1,high
0.9178,25.7986,0,low
2.2564,6.7264,0,low
4.3877,4.5888,0,low
5.4625,34.3092,1,high
0.476,30.6952,0,low
9.1668,46.2892,1,high
3.6885,7.2754,0,low
1.2118,11.1608,0,low
6.1657,9.6975,0,low
9.9408,10.8668,1,high
8.6076,17.9117,1,high
2.1913,2.2789,0,low
3.5786,40.5872,0,low
8.19,19.5622,1,high
0.3477,22.984,0,low
3.2926,48.658,0,low
2.8751,1.2065,0,low
6.9609,22.2413,1,high
3.0307,48.4743,0,low
4.6142,27.6547,1,high
2.5163,20.3444,0,low
4.9881,45.9124,1,high
7.2441,46.0962,1,high
7.945,48.7555,1,high
8.4503,38.7341,1,high
4.0688,30.7297,0,low
5.1524,19.4049,0,low
4.1171,1.0905,0,low
0.9554,3.2349,0,low
6.8713,25.7406,1,high
5.666,25.988,1,high
6.3856,5.6754,0,low
4.4791,1.3365,0,low
2.6505,15.1329,0,low
7.051,49.8736,1,high
7.6626,3.1114,0,low
7.8469,32.6153,1,high
5.4809,8.6177,0,low
4.9181,10.6641,0,low
1.9566,6.4228,0,low
1.5029,30.9124,0,low
8.3391,8.6321,1,high
0.8125,36.5428,0,low
7.8176,43.5548,1,high
9.1998,48.7349,1,high
5.8549,34.368,1,high
3.4856,7.3206,0,low
1.4084,46.0491,0,low
5.7364,45.7555,1,high
4.2381,12.327,0,low
7.1319,3.9267,0,low
1.1931,27.115,0,low
7.0064,35.5765,1,high
7.6589,43.7221,1,high
5.7621,25.6524,1,high
1.8426,12.7823,0,low
7.754,12.5062,1,high
3.3809,39.0904,0,low
7.0991,30.1824,1,high
5.8705,43.3191,1,high
2.4482,21.2419,0,low
8.5181,28.6164,1,high
7.3636,28.4583,1,high
1.3737,6.1961,0,low
0.3842,47.3919,0,low
1.4813,13.4642,0,low
8.7757,9.4087,1,high
8.8936,36.5753,1,high
4.5628,25.9282,0,low
9.0792,31.0718,1,high
5.1185,49.1962,1,high
0.0713,12.7692,0,low
0.2727,22.1754,0,low
4.016,39.2838,1,high
1.7277,0.5072,0,low
8.6149,35.9343,1,high
0.1441,39.0678,0,low
3.739,5.7629,0,low
6.4657,33.6082,1,high
6.1762,8.3648,0,low
9.2195,26.762,1,high
6.1601,11.3148,0,low
2.6824,5.3453,0,low
2.0725,26.9057,0,low
2.9682,13.7355,0,low
6.8733,4.6774,0,low
3.869,2.0368,0,low
7.1021,30.2469,1,high
0.2611,5.473,0,low
3.0547,24.9981,0,low
4.8906,30.5356,1,high
1.1937,0.7753,0,low
4.3978,19.0099,0,low
5.5217,15.6334,0,low
6.5092,10.0296,0,low
4.5124,43.1217,1,high
0.7702,29.8784,0,low
4.8711,28.8972,1,high
7.4744,17.0395,1,high
0.7725,16.1437,0,low
1.6182,44.7619,0,low
5.7898,35.0019,1,high
1.0072,5.8048,0,low
0.4821,27.509,0,low
5.333,32.4772,1,high
8.408,33.2266,1,high
4.5431,8.9823,0,low
1.9985,39.3544,0,low
4.5429,31.9954,1,high
5.9191,38.1841,1,high
6.9599,29.4449,1,high
5.8648,16.5668,1,high
0.4583,16.4998,0,low
7.6135,14.197,1,high
7.7707,45.6053,1,high
6.5861,33.5368,1,high
5.8307,10.3952,0,low
0.6975,35.3057,0,low
1.4052,3.901,0,low
4.437,21.717,0,low
7.2881,15.4647,1,high
8.8208,14.0894,1,high
0.5148,41.344,0,low
9.5901,49.1081,1,high
1.2437,22.115,0,low
1.4414,1.3415,0,low
6.676,24.7596,1,high
7.699,21.219,1,high
9.3572,43.0944,1,high
4.1472,33.3103,1,high
6.8871,20.5875,1,high
9.336,3.37,0,low
4.9998,8.8,0,low
5.5913,11.7854,0,low
2.6797,48.7425,0,low
6.4755,41.1199,1,high
4.7925,14.506,0,low
6.2432,34.1725,1,high
3.2083,21.996,0,low
9.2608,44.3937,1,high
4.4305,25.5982,0,low
4.3984,48.1166,1,high
1.657,39.7842,0,low
4.4601,37.2991,1,high
7.4356,0.2483,0,low
8.5254,9.1701,1,high
0.8905,26.19,0,low
2.6543,18.6778,0,low
7.9098,40.412,1,high
8.5705,49.3579,1,high
8.8241,6.3418,0,low
7.4713,0.643,0,low
9.4164,37.3109,1,high
0.8347,18.8088,0,low
5.7584,20.0142,1,high
5.3696,25.6186,1,high
6.2474,43.0281,1,high
4.3108,6.1513,0,low
7.6474,45.4468,1,high
0.3195,26.7232,0,low
7.7959,36.1502,1,high
2.0203,13.2096,0,low
7.4819,45.9428,1,high
5.3399,32.5698,1,high
4.8686,9.2398,0,low
5.3982,19.931,1,high
0.4411,32.5385,0,low
9.1235,49.8979,1,high
9.0939,4.3288,0,low
8.0945,8.237,0,low
8.5418,12.4135,1,high
0.0796,31.1949,0,low
1.0505,1.6962,0,low
3.1993,45.5692,0,low
4.2357,26.2705,0,low
2.4435,21.3711,0,low
0.6233,39.5042,0,low
8.2003,4.5818,0,low
2.344,20.9763,0,low
9.838,4.9662,0,low
2.2248,13.7215,0,low
8.9474,39.4975,1,high
9.5177,14.6483,1,high
6.6322,24.3019,1,high
3.6165,2.7286,0,low
3.4772,29.9479,0,low
9.3993,29.4902,1,high
6.5978,32.2663,1,high
5.8915,9.8165,0,low
8.3199,0.5395,0,low
5.5888,11.7467,0,low
5.251,0.5039,0,low
7.8892,5.2723,0,low
4.7877,12.6967,0,low
0.9512,39.276,0,low
0.3106,44.3661,0,low
8.2258,10.7397,1,high
0.3674,21.4688,0,low
6.7653,21.344,1,high
7.3204,18.8011,1,high
7.942,48.1239,1,high
2.9488,23.2498,0,low
7.1991,31.7597,1,high
0.0169,40.8459,0,low
1.8707,47.7648,0,low
8.7109,34.9595,1,high
3.0508,39.2122,0,low
6.3985,30.9834,1,high
2.0637,5.6519,0,low
7.2532,33.5297,1,high
6.7182,9.1489,0,low
5.6053,39.4645,1,high
8.3673,36.8354,1,high
0.4254,37.4972,0,low
1.5503,32.9873,0,low
5.8018,12.9837,0,low
2.8022,21.0152,0,low
1.342,37.874,0,low
8.1283,25.0636,1,high
4.1087,18.1224,0,low
9.4908,49.4955,1,high
9.0499,43.5331,1,high
4.0085,0.4171,0,low
6.6036,44.9145,1,high
8.2714,9.1575,1,high
7.3857,49.7988,1,high
4.5713,46.1726,1,high
1.3269,43.9165,0,low
7.1395,36.6842,1,high
0.6229,14.9926,0,low
6.963,21.0843,1,high
7.5631,21.1111,1,high
2.9662,48.6526,0,low
4.0022,40.6603,1,high
2.8813,48.4612,0,low
9.2179,22.1075,1,high
3.2735,17.2768,0,low
3.0349,30.2484,0,low
7.779,17.124,1,high
1.0091,47.8481,0,low
1.739,33.3776,0,low
7.4929,8.2853,0,low
0.176,48.7449,0,low
6.188,4.1537,0,low
2.2229,37.3512,0,low
1.0044,29.882,0,low
9.6541,9.85,1,high
7.3967,12.062,1,high
7.554,2.0976,0,low
6.5174,41.222,1,high
8.6281,46.5463,1,high
7.6587,45.8922,1,high
5.5346,36.8551,1,high
1.046,10.191,0,low
7.771,20.4952,1,high
5.98,31.6376,1,high
3.2481,42.2636,0,low
4.4339,25.3584,0,low
4.1248,21.1404,0,low
1.9721,44.1663,0,low
1.1297,46.0742,0,low
4.8054,36.8019,1,high
6.9732,14.7087,1,high
7.0753,1.8554,0,low
0.0789,19.1732,0,low
1.8409,5.5451,0,low
2.5055,9.458,0,low
1.5396,45.1717,0,low
6.3735,37.882,1,high
0.6857,13.2371,0,low
7.4893,1.8089,0,low
7.225,21.4845,1,high
5.203,18.3416,0,low
2.7565,21.6041,0,low
4.6725,1.0428,0,low
2.2479,8.9413,0,low
8.1611,47.0095,1,high
6.2688,9.9502,0,low
1.5113,34.156,0,low
1.3692,36.4873,0,low
3.8565,42.2737,1,high
9.4699,31.1146,1,high
6.0815,23.6875,1,high
7.445,12.3032,1,high
5.5068,15.5068,0,low
7.9611,0.9303,0,low
9.3555,2.5129,0,low
7.3384,12.0787,1,high
4.5505,34.761,1,high
0.6072,37.1158,0,low
6.6019,25.2201,1,high
3.5106,22.8842,0,low
6.0796,42.9715,1,high
9.5118,12.6149,1,high
3.0387,38.982,0,low
4.6049,32.3819,1,high
1.2713,11.0287,0,low
8.9105,7.6405,1,high
9.6122,12.4151,1,high
1.8742,18.6079,0,low
1.3949,17.6428,0,low
3.3514,16.8664,0,low
5.2211,1.4823,0,low
2.126,21.9831,0,low
4.2866,27.9838,0,low
0.1467,0.2555,0,low
3.6169,36.1256,0,low
0.8361,18.9364,0,low
2.4331,31.6358,0,low
5.7819,38.7351,1,high
4.5082,41.1536,1,high
6.6299,37.7346,1,high
7.8049,43.964,1,high
2.7205,19.5798,0,low
8.4783,17.1641,1,high
5.7593,26.3799,1,high
0.7233,9.9649,0,low
1.2642,42.8146,0,low
3.3866,12.6598,0,low
5.1649,17.8119,0,low
8.6388,17.0622,1,high
4.3357,31.1493,0,low
9.9205,32.95,1,high
3.6952,7.8369,0,low
9.2889,25.0491,1,high
7.47,21.4436,1,high
5.5822,33.9535,1,high
9.7064,35.1777,1,high
1.8605,15.3363,0,low
1.4426,49.391,0,low
1.7034,7.9051,0,low
1.5357,33.7941,0,low
3.8029,29.1603,0,low
3.2137,26.5451,0,low
4.6008,10.0518,0,low
3.1144,20.8234,0,low
2.7369,13.9047,0,low
0.6057,9.849,0,low
1.0377,42.3749,0,low
4.8543,49.6352,1,high
9.4101,6.7102,1,high
3.8573,46.9201,1,high
0.8735,11.5364,0,low
2.5662,17.3725,0,low
6.5277,1.4299,0,low
0.7426,19.6287,0,low
1.5446,42.8996,0,low
8.2647,29.58,1,high
7.8885,34.9835,1,high
7.9538,5.0341,0,low
4.7823,36.9727,1,high
9.6393,42.2368,1,high
7.2656,2.589,0,low
0.9772,46.4373,0,low
8.8102,38.6241,1,high
0.546,38.8113,0,low
5.765,48.2009,1,high
8.7094,20.6144,1,high
2.0948,25.3019,0,low
2.2744,47.6142,0,low
8.5181,4.9197,0,low
3.9836,37.2141,1,high
2.5547,36.7684,0,low
3.8588,33.9492,0,low
3.1055,49.3272,0,low
9.5738,25.1006,1,high
4.0122,20.8324,0,low
1.3718,48.1228,0,low
5.3514,2.2845,0,low
0.0772,43.1329,0,low
9.2221,31.3442,1,high
0.4417,10.1078,0,low
3.7567,10.025,0,low
6.2454,41.2148,1,high
7.8614,35.5345,1,high
7.8456,12.7379,1,high
2.1489,37.8902,0,low
5.0916,44.2338,1,high
5.3341,36.8784,1,high
9.9183,22.7427,1,high
0.5346,16.6489,0,low
2.3832,41.5433,0,low
7.9047,10.4066,1,high
7.7327,1.0218,0,low
3.0713,3.2129,0,low
0.6591,30.5241,0,low
6.2542,20.1879,1,high
7.8356,9.3312,1,high
0.115,25.8277,0,low
5.0455,44.8174,1,high
8.3743,48.3138,1,high
6.3984,28.2235,1,high
9.9417,36.3382,1,high
9.8419,17.3897,1,high
7.9195,6.0784,0,low
7.6583,6.0678,0,low
7.2734,44.4195,1,high
8.5329,37.0772,1,high
5.703,46.7325,1,high
9.1835,18.2609,1,high
7.9464,35.2759,1,high
1.8497,14.2796,0,low
6.0985,44.3347,1,high
2.4109,16.1251,0,low
4.9742,11.0133,0,low
3.4975,44.3764,0,low
5.435,29.7658,1,high
8.1668,9.4154,1,high
2.3173,30.0619,0,low
6.9416,16.8351,1,high
0.7371,0.3136,0,low
4.4815,27.6121,0,low
2.2444,30.7626,0,low
4.7107,16.5057,0,low
7.3422,36.0395,1,high
5.0775,28.7198,1,high
7.4626,5.9953,0,low
3.3491,0.9316,0,low
6.6931,48.1596,1,high
5.9999,11.1515,0,low
8.9216,17.4059,1,high
0.1865,34.2216,0,low
5.1391,35.5218,1,high
9.9019,21.5226,1,high
6.0172,47.1029,1,high
5.7325,23.8214,1,high
4.8795,5.1943,0,low
5.3428,25.0313,1,high
9.0717,17.9655,1,high
8.639,34.5315,1,high
4.1096,32.5816,0,low
4.6891,27.6582,1,high
6.9744,32.697,1,high
1.7028,22.8595,0,low
3.0596,34.8724,0,low
0.0645,26.4838,0,low
8.098,45.9645,1,high
5.6769,38.1639,1,high
7.0063,42.3059,1,high
0.3259,4.0821,0,low
9.8147,6.8841,1,high
0.2839,46.9944,0,low
8.6636,39.5859,1,high
1.2732,10.3492,0,low
9.6031,25.838,1,high
4.7041,29.3801,1,high
6.2486,12.5256,0,low
7.3689,11.1333,1,high
6.1187,9.0149,0,low
3.3993,44.9679,0,low
2.5009,42.1599,0,low
0.3804,24.8504,0,low
4.8989,22.2788,0,low
1.4903,45.626,0,low
8.9385,7.5349,1,high
8.5641,15.0377,1,high
6.418,3.4512,0,low
2.6861,38.0672,0,low
6.084,48.5469,1,high
5.3826,0.3749,0,low
7.0431,16.2973,1,high
0.0807,43.0917,0,low
4.4276,39.1768,1,high
3.1427,13.0332,0,low
4.1997,33.3026,1,high
3.2759,31.3296,0,low
6.4269,9.7406,0,low
8.8998,8.5341,1,high
4.2877,34.0633,1,high
6.246,21.5641,1,high
1.0975,25.7568,0,low
3.5371,35.1414,0,low
7.9417,6.0942,0,low
0.7265,43.9473,0,low
8.8708,0.1423,0,low
2.0102,32.2453,0,low
2.5388,25.7776,0,low
6.4659,15.2265,1,high
0.2449,7.8182,0,low
5.5326,11.7143,0,low
0.3903,11.6986,0,low
2.7845,40.5071,0,low
6.4082,37.9221,1,high
4.2698,12.5925,0,low
9.4459,5.7433,0,low
7.0366,47.0702,1,high
2.605,8.0289,0,low
7.8507,19.6324,1,high
3.3211,45.7757,0,low
1.7055,21.2526,0,low
3.2448,33.1209,0,low
3.4177,49.6624,0,low
8.4324,34.7741,1,high
5.4306,40.8967,1,high
5.4073,46.455,1,high
1.1952,34.8236,0,low
4.9021,44.7652,1,high
7.9045,31.6019,1,high
1.5041,16.5082,0,low
2.4166,48.6013,0,low
5.0078,4.7168,0,low
5.8166,25.4424,1,high
3.678,14.2783,0,low
4.0829,8.9995,0,low
6.8311,27.6884,1,high
3.044,11.8621,0,low
4.1889,40.5787,1,high
7.4118,35.7025,1,high
2.3798,33.6369,0,low
4.9196,2.9821,0,low
0.2952,6.4101,0,low
1.718,2.8408,0,low
1.4316,5.519,0,low
3.1078,20.3587,0,low
3.1328,37.8096,0,low
9.7168,49.7418,1,high
4.9298,37.3465,1,high
5.1665,27.4198,1,high
5.3053,38.0454,1,high
4.8026,3.2061,0,low
6.3912,17.9145,1,high
6.4798,2.4388,0,low
8.9363,43.6691,1,high
0.1454,14.7033,0,low
7.5903,20.7154,1,high
4.0638,23.3413,0,low
3.3508,41.4405,0,low
6.1235,0.7526,0,low
5.476,16.3518,0,low
6.8537,29.3077,1,high
9.6296,19.1685,1,high
1.3757,40.8998,0,low
8.305,33.5229,1,high
5.264,44.9206,1,high
6.7941,20.6328,1,high
8.6431,22.0783,1,high
1.9924,20.0183,0,low
0.6708,6.9703,0,low
1.5751,46.2833,0,low
3.9589,25.3485,0,low
3.5484,16.0638,0,low
4.02,7.5916,0,low
1.4883,46.9872,0,low
7.9117,32.9823,1,high
4.965,4.4837,0,low
5.057,23.7744,1,high
0.1288,3.0472,0,low
4.7665,29.2036,1,high
7.4241,18.3689,1,high
0.8659,32.8393,0,low
8.1138,32.5693,1,high
8.226,5.764,0,low
2.6233,24.315,0,low
7.6951,37.0976,1,high
1.6846,22.4184,0,low
8.6725,14.6733,1,high
6.8845,8.5462,0,low
4.1089,46.5992,1,high
7.2827,14.5879,1,high
5.2513,19.6957,0,low
0.211,3.5633,0,low
4.7449,7.1514,0,low
4.4224,13.5048,0,low
7.1714,25.4715,1,high
3.3337,41.268,0,low
1.1211,48.0841,0,low
6.9251,37.4666,1,high
3.7309,26.6973,0,low
0.729,25.5908,0,low
6.1172,48.1152,1,high
0.2897,30.2821,0,low
4.2126,41.0262,1,high
8.409,40.3112,1,high
5.9187,47.1281,1,high
5.2239,48.7003,1,high
0.5223,8.1599,0,low
8.5884,43.6596,1,high
9.3439,8.6771,1,high
4.6705,21.0512,0,low
2.8676,26.0042,0,low
7.5304,30.9966,1,high
4.991,45.9986,1,high
1.9579,29.3068,0,low
9.8898,41.9869,1,high
9.9291,20.0932,1,high
9.2818,15.8877,1,high
4.7888,19.2482,0,low
9.7506,39.0605,1,high
1.3888,19.6363,0,low
3.1816,22.6718,0,low
3.2534,6.2586,0,low
3.0307,27.1213,0,low
7.8432,10.7111,1,high
6.633,10.7182,0,low
9.4668,1.6192,0,low
6.092,49.5819,1,high
8.5427,42.3165,1,high
2.1819,40.6243,0,low
6.0109,11.771,0,low
2.4681,16.6737,0,low
0.385,38.033,0,low
4.4549,9.0636,0,low
3.2956,23.2559,0,low
9.4668,34.2254,1,high
9.7813,40.3395,1,high
8.7266,8.6597,1,high
6.676,28.3069,1,high
9.0815,31.9497,1,high
1.9376,6.7807,0,low
0.3147,40.1902,0,low
5.9053,39.6481,1,high
4.2253,10.0718,0,low
1.1306,24.7136,0,low
0.7078,29.9836,0,low
8.3085,10.776,1,high
5.0028,16.0627,0,low
1.9639,35.6839,0,low
3.6094,28.6849,0,low
5.9834,36.7373,1,high
7.9143,44.4428,1,high
7.2524,35.7531,1,high
2.6944,10.8754,0,low
5.1394,23.9188,1,high
8.0315,25.9144,1,high
5.0045,28.3869,1,high
7.7804,21.5864,1,high
5.7768,48.6091,1,high
7.3604,27.6956,1,high
6.745,47.1324,1,high
5.0686,30.0438,1,high
4.4987,38.9799,1,high
6.3823,16.2609,1,high
3.2766,13.2689,0,low
7.9598,17.2881,1,high
6.3039,16.6714,1,high
5.8412,35.9027,1,high
5.3326,24.5519,1,high
8.4222,19.7132,1,high
0.7363,7.7534,0,low
4.585,22.1848,0,low
0.1397,22.5258,0,low
6.9843,14.272,1,high
5.3298,12.7747,0,low
5.12,46.8507,1,high
0.9,21.3936,0,low
3.4386,23.7031,0,low
2.8169,39.5777,0,low
4.111,3.9591,0,low
4.4902,13.9893,0,low
1.6349,28.6924,0,low
4.9859,40.1996,1,high
8.4118,12.9654,1,high
4.7267,28.1221,1,high
9.9472,5.6093,0,low
3.1402,13.6554,0,low
1.8719,31.6678,0,low
4.5744,29.446,1,high
2.7467,46.6697,0,low
8.9248,22.2928,1,high
3.3465,15.5069,0,low
0.1518,0.555,0,low
8.4531,2.9552,0,low
4.1261,44.9739,1,high
1.3575,9.5978,0,low
6.9138,38.8424,1,high
6.9271,4.6592,0,low
5.7591,20.602,1,high
9.1402,23.9987,1,high
3.8782,28.8861,0,low
1.5621,23.9636,0,low
2.4691,1.0989,0,low
4.8109,33.7423,1,high
2.465,11.8428,0,low
4.6272,44.6397,1,high
5.1936,1.551,0,low
5.491,27.4784,1,high
2.2642,45.6556,0,low
1.9309,14.1715,0,low
3.1492,5.2646,0,low
7.3983,33.8164,1,high
7.3241,21.2123,1,high
9.9852,15.9117,1,high
4.2523,19.3439,0,low
3.9635,9.117,0,low
6.0202,44.6882,1,high
7.4916,12.2091,1,high
7.6581,27.3082,1,high
7.11,26.6015,1,high
3.6213,39.8784,0,low
4.8757,20.7278,0,low
4.1191,11.4236,0,low
7.894,21.3701,1,high
1.7031,32.2343,0,low
3.123,40.6264,0,low
6.1204,3.3307,0,low
3.3099,23.7285,0,low
1.0445,0.9027,0,low
3.3098,26.936,0,low
9.8207,13.4022,1,high
4.0019,3.1854,0,low
4.7282,16.7573,0,low
0.9152,26.0293,0,low
3.5407,1.6799,0,low
9.8676,7.2148,1,high
0.2316,27.0327,0,low
7.0968,28.8779,1,high
0.0454,1.4247,0,low
7.1837,12.1682,1,high
2.97,18.3883,0,low
7.819,12.1768,1,high
5.0836,25.5264,1,high
5.0437,10.1463,0,low
4.5667,7.7432,0,low
6.9686,13.634,1,high
9.5964,6.9405,1,high
3.0424,36.0174,0,low
9.6227,28.0197,1,high
9.2268,34.1864,1,high
7.4552,16.7471,1,high
2.6644,11.8359,0,low
5.8453,34.8886,1,high
1.95,34.7247,0,low
8.2679,20.3583,1,high
6.7248,36.2748,1,high
4.5422,3.9055,0,low
4.6586,30.781,1,high
7.4648,4.5681,0,low
6.0117,17.2744,1,high
8.3414,17.1858,1,high
1.9011,23.0628,0,low
2.3808,2.1867,0,low
2.5949,29.6486,0,low
2.0095,34.4987,0,low
6.1823,40.1969,1,high
0.6451,2.9953,0,low
5.0729,48.1983,1,high
8.8968,37.3862,1,high
5.9894,46.7434,1,high
3.0089,20.7186,0,low
8.5149,47.9594,1,high
8.6104,12.9329,1,high
6.5,32.7809,1,high
5.713,28.1334,1,high
3.5408,42.991,0,low
0.1461,15.5343,0,low
4.8598,14.2484,0,low
3.1576,1.0937,0,low
6.6766,10.3661,0,low
9.8401,24.9451,1,high
9.8782,31.6536,1,high
2.3597,7.0428,0,low
2.8947,8.4472,0,low
7.155,8.4232,0,low
3.7737,27.2706,0,low
2.8708,13.8074,0,low
5.6408,34.9865,1,high
3.2679,22.6559,0,low
4.1449,11.4619,0,low
0.4096,9.5468,0,low
3.5432,44.0071,0,low
2.803,45.1465,0,low
0.5228,24.7467,0,low
8.181,35.5384,1,high
4.0321,21.0225,0,low
5.3287,32.8808,1,high
7.4859,28.7693,1,high
8.1546,35.7172,1,high
7.5379,42.1618,1,high
2.4691,29.6207,0,low
6.0813,31.7592,1,high
9.0422,36.1996,1,high
4.8571,35.1703,1,high
7.7193,37.7887,1,high
7.5726,48.3397,1,high
6.7267,40.9003,1,high
4.7602,34.0233,1,high
3.2622,12.4888,0,low
5.4773,8.3518,0,low
0.3484,20.8263,0,low
4.0454,7.3511,0,low
2.1914,4.7362,0,low
8.801,6.7577,0,low
5.8921,21.2978,1,high
7.7915,43.9041,1,high
1.3832,36.4875,0,low
3.1186,32.416,0,low
7.8099,16.3373,1,high
0.8045,6.7888,0,low
8.8841,36.8779,1,high
1.1673,42.0882,0,low
8.2769,35.6574,1,high
5.9608,12.1247,0,low
0.5507,48.4986,0,low
6.9946,19.1335,1,high
1.4139,47.9254,0,low
4.6916,49.3161,1,high
3.4249,47.6822,0,low
3.3633,44.8437,0,low
2.6689,44.7466,0,low
1.1226,33.8891,0,low
9.3342,25.1008,1,high
6.6013,48.1193,1,high
7.4177,4.0167,0,low
6.7978,17.083,1,high
9.082,7.7856,1,high
0.8451,11.183,0,low
3.2325,30.0076,0,low
3.7332,33.3975,0,low
7.2911,10.3172,0,low
2.5848,34.3788,0,low
3.7795,0.4457,0,low
6.0457,3.4637,0,low
3.9956,45.9767,1,high
7.8556,13.2747,1,high
3.2329,14.0115,0,low
7.9434,17.5502,1,high
8.1312,47.5717,1,high
0.6143,16.8948,0,low
2.913,34.1829,0,low
3.5206,28.569,0,low
0.0759,6.3136,0,low
9.6102,36.9119,1,high
5.1848,6.0374,0,low
2.4445,24.7299,0,low
9.1556,41.9857,1,high
4.8678,42.5021,1,high
1.8608,12.4867,0,low
0.3912,15.0335,0,low
5.2659,37.8667,1,high
2.5904,45.6622,0,low
1.3873,3.887,0,low
8.7992,19.6912,1,high
7.1829,21.8069,1,high
3.3758,4.8103,0,low
3.011,43.7334,0,low
7.9011,38.4396,1,high
1.562,12.6762,0,low
5.0025,5.1832,0,low
8.7114,40.9141,1,high
0.5758,20.7406,0,low
7.0767,6.415,0,low
8.5115,45.2476,1,high
9.7894,28.5144,1,high
4.0834,13.2095,0,low
6.2204,22.92,1,high
0.3319,38.7749,0,low
1.5921,42.8713,0,low
2.5123,43.9373,0,low
4.2626,19.7982,0,low
4.8192,31.8073,1,high
8.3637,29.7882,1,high
9.741,21.011,1,high
7.1001,15.343,1,high
6.9662,1.6051,0,low
7.1521,9.845,0,low
2.0157,34.1509,0,low
9.9186,21.9115,1,high
5.4333,3.1289,0,low
8.2652,19.2557,1,high
9.9889,22.2994,1,high
1.1086,40.5587,0,low
8.756,30.4796,1,high
2.329,45.6542,0,low
3.809,13.3227,0,low
6.8487,12.194,0,low
2.9367,49.1371,0,low
2.9043,32.24,0,low
2.4116,6.8364,0,low
0.7338,16.8993,0,low
3.1582,49.4928,0,low
1.4064,9.4109,0,low
4.1195,47.9875,1,high
2.5108,0.2976,0,low
7.303,49.5011,1,high
4.9054,6.3419,0,low
0.6011,47.5046,0,low
1.9164,41.6196,0,low
6.4139,44.2079,1,high
9.5831,11.7236,1,high
8.6822,27.627,1,high
8.907,27.6797,1,high
6.0753,15.9368,0,low
7.2253,23.6145,1,high
6.6515,36.9657,1,high
9.9977,34.8059,1,high
0.8648,5.9479,0,low
5.218,34.6363,1,high
2.2604,28.0262,0,low
5.9894,41.9402,1,high
5.0382,29.5361,1,high
7.3446,17.3871,1,high
3.6948,0.3146,0,low
2.1996,2.4674,0,low
4.0677,44.7287,1,high
2.2621,2.3019,0,low
6.0426,30.7521,1,high
1.9523,5.721,0,low
4.0554,43.4005,1,high
1.5546,38.7507,0,low
3.4709,34.9161,0,low
3.4203,36.0381,0,low
0.6553,6.9655,0,low
4.8642,12.4367,0,low
5.7059,39.1649,1,high
4.0217,25.016,0,low
9.8194,13.1539,1,high
2.4951,2.19,0,low
8.8726,32.9016,1,high
3.0305,24.7322,0,low
7.985,26.9939,1,high
9.6067,18.4249,1,high
0.0078,38.6359,0,low
4.8603,31.7446,1,high
1.6507,43.7858,0,low
1.9834,3.6041,0,low
3.8836,24.9778,0,low
0.9214,38.5496,0,low
8.8486,49.2917,1,high
0.0077,38.3606,0,low
9.3164,37.1583,1,high
1.8515,9.1628,0,low
9.0393,5.8705,0,low
7.4895,17.5183,1,high
2.6947,25.998,0,low
3.6191,2.6873,0,low
4.6025,40.865,1,high
3.8285,44.8909,1,high
0.201,33.3139,0,low
7.5024,27.8215,1,high
7.232,44.7491,1,high
8.8784,1.3272,0,low
1.5695,46.3364,0,low
2.4641,24.2272,0,low
5.9254,22.5102,1,high
2.073,27.9416,0,low
3.0137,5.4821,0,low
5.0619,25.9002,1,high
4.6352,24.3196,0,low
7.8325,4.0972,0,low
8.141,32.8021,1,high
9.559,36.1233,1,high
2.1499,18.5465,0,low
2.7566,14.9534,0,low
3.3494,36.2297,0,low
2.05,26.4154,0,low
1.8523,37.7781,0,low
1.7337,34.5158,0,low
2.3945,1.725,0,low
8.4259,27.62,1,high
8.451,21.2193,1,high
6.7362,40.1873,1,high
9.1706,6.1627,0,low
1.9626,1.0216,0,low
2.3019,3.7073,0,low
2.5359,6.5144,0,low
4.1765,13.0355,0,low
9.7604,32.87,1,high
1.9656,0.5321,0,low
6.3251,11.3545,0,low
2.3407,40.4739,0,low
0.7314,49.7019,0,low
3.5183,30.6322,0,low
9.6159,38.6675,1,high
8.4011,6.4501,0,low
8.9285,42.8469,1,high
9.4559,31.6314,1,high
9.1489,22.7815,1,high
